,problem,dim,n_init,n_iter,metric,solution_f,seed,iteration,nu,length_scale,metric_values,x,f,f_model,time,x_best,f_best
0,bbob.step_ellipsoid,2,10,20,R2_cv,-83.87,0,1,,,,"[-0.6369616873214543, -3.26978671376387]",-71.82515630817245,,,"[-3.613335482642234, 0.10486525279517878]",-83.11719726926079
1,bbob.step_ellipsoid,2,10,20,R2_cv,-83.87,0,2,,,,"[0.959026476063805, -2.0165276355285293]",418.9233609845845,,,"[-3.613335482642234, 0.10486525279517878]",-83.11719726926079
2,bbob.step_ellipsoid,2,10,20,R2_cv,-83.87,0,3,,,,"[2.1867297607997287, 2.0872444227222786]",2899.5725518031577,,,"[-3.613335482642234, 0.10486525279517878]",-83.11719726926079
3,bbob.step_ellipsoid,2,10,20,R2_cv,-83.87,0,4,,,,"[1.3933642242328208, 3.270503439016002]",3061.909471507609,,,"[-3.613335482642234, 0.10486525279517878]",-83.11719726926079
4,bbob.step_ellipsoid,2,10,20,R2_cv,-83.87,0,5,,,,"[-2.543624991465423, -4.935072423787768]",375.0884219075323,,,"[-3.613335482642234, 0.10486525279517878]",-83.11719726926079
5,bbob.step_ellipsoid,2,10,20,R2_cv,-83.87,0,6,,,,"[-1.8158535541215324, -0.002738500170147873]",63.85529229489913,,,"[-3.613335482642234, 0.10486525279517878]",-83.11719726926079
6,bbob.step_ellipsoid,2,10,20,R2_cv,-83.87,0,7,,,,"[-3.8574042765875696, 4.966414424694536]",553.41813134925,,,"[-3.613335482642234, 0.10486525279517878]",-83.11719726926079
7,bbob.step_ellipsoid,2,10,20,R2_cv,-83.87,0,8,,,,"[4.270344553570055, 0.8243443793974414]",4201.340272191912,,,"[-3.613335482642234, 0.10486525279517878]",-83.11719726926079
8,bbob.step_ellipsoid,2,10,20,R2_cv,-83.87,0,9,,,,"[-4.863178922349887, 1.4585387797509082]",-67.3096054768831,,,"[-3.613335482642234, 0.10486525279517878]",-83.11719726926079
9,bbob.step_ellipsoid,2,10,20,R2_cv,-83.87,0,10,,,,"[3.7002881094626154, -1.4226872211976582]",2352.770085841119,,,"[-3.613335482642234, 0.10486525279517878]",-83.11719726926079
10,bbob.step_ellipsoid,2,10,20,R2_cv,-83.87,0,11,inf,3.1056671351036544,-2.491854512377957,"[-5.0, -2.1672138317314174]",532.2385472420996,370.50942045412353,1.9838786125183105,"[-3.613335482642234, 0.10486525279517878]",-83.11719726926079
11,bbob.step_ellipsoid,2,10,20,R2_cv,-83.87,0,12,1.5,5.652998929261184,0.3920315760963301,"[1.7229616114088544, -5.0]",40.42563875544634,483.87870948194154,2.085864782333374,"[-3.613335482642234, 0.10486525279517878]",-83.11719726926079
12,bbob.step_ellipsoid,2,10,20,R2_cv,-83.87,0,13,inf,3.2597473828325083,0.625563927907334,"[5.0, -5.0]",1305.7649432540534,657.61272005511,2.1288909912109375,"[-3.613335482642234, 0.10486525279517878]",-83.11719726926079
13,bbob.step_ellipsoid,2,10,20,R2_cv,-83.87,0,14,3.0,4.705535821765356,0.8730323567566158,"[-5.0, 3.5472070975392613]",15.133089596999412,41.523534607789315,2.3348312377929688,"[-3.613335482642234, 0.10486525279517878]",-83.11719726926079
14,bbob.step_ellipsoid,2,10,20,R2_cv,-83.87,0,15,2.5,5.246488604032665,0.9067277978539607,"[-0.027219091280919372, -4.967314491765863]",-80.87736492887352,-95.22039112637026,2.2322349548339844,"[-3.613335482642234, 0.10486525279517878]",-83.11719726926079
15,bbob.step_ellipsoid,2,10,20,R2_cv,-83.87,0,16,2.5,5.506664529252625,0.9297970749363692,"[-2.545862867505795, -1.5825161533050904]",-79.90987641612003,1.102339800083655,2.454303503036499,"[-3.613335482642234, 0.10486525279517878]",-83.11719726926079
16,bbob.step_ellipsoid,2,10,20,R2_cv,-83.87,0,17,3.0,5.352362232563342,0.6062068124624611,"[-3.6550522604454367, 1.8878584234121205]",-25.43256447728315,72.93706465333798,2.9269156455993652,"[-3.613335482642234, 0.10486525279517878]",-83.11719726926079
17,bbob.step_ellipsoid,2,10,20,R2_cv,-83.87,0,18,2.0,6.222505655030784,-0.3100584814945506,"[-3.613335482642234, 0.10486525279517878]",-83.11719726926079,-72.10636010520955,2.727433204650879,"[-3.613335482642234, 0.10486525279517878]",-83.11719726926079
18,bbob.step_ellipsoid,2,10,20,R2_cv,-83.87,0,19,inf,3.7107066982705104,0.15483817005129116,"[0.3136187861400473, -4.393958817007874]",-75.05408801658493,-76.80701778450498,2.8468122482299805,"[-3.613335482642234, 0.10486525279517878]",-83.11719726926079
19,bbob.step_ellipsoid,2,10,20,R2_cv,-83.87,0,20,2.0,6.558773251956492,-0.03979766038085604,"[-1.319486858011476, -1.8554578687126968]",-61.507435522716875,-79.25747153482473,3.733006477355957,"[-3.613335482642234, 0.10486525279517878]",-83.11719726926079
20,bbob.step_ellipsoid,2,10,20,R2_cv,-83.87,0,21,inf,3.832325408388498,-0.07233677729760632,"[-4.382622737571427, 1.701859623283018]",-74.99633100110404,-99.04945789265503,4.025068521499634,"[-3.613335482642234, 0.10486525279517878]",-83.11719726926079
21,bbob.step_ellipsoid,2,10,20,R2_cv,-83.87,0,22,3.0,5.835654626821271,0.5121358190855541,"[-1.8225059974187894, -2.756884924483936]",-74.42323026392664,-60.65434937226894,4.599480867385864,"[-3.613335482642234, 0.10486525279517878]",-83.11719726926079
22,bbob.step_ellipsoid,2,10,20,R2_cv,-83.87,0,23,inf,3.404525705089053,-0.3417180963012717,"[0.49539126484977203, -4.997098283808553]",-76.99640060212052,-90.42043390581512,4.557440280914307,"[-3.613335482642234, 0.10486525279517878]",-83.11719726926079
23,bbob.step_ellipsoid,2,10,20,R2_cv,-83.87,0,24,3.0,5.917896248306245,-0.32913847430716353,"[-3.590748790042691, 0.8589964095703538]",-62.82135355432625,-86.3482664125462,5.277254581451416,"[-3.613335482642234, 0.10486525279517878]",-83.11719726926079
24,bbob.step_ellipsoid,2,10,20,R2_cv,-83.87,0,25,3.0,5.8097710493152475,-1.3613842597728196,"[-2.815995742788793, -0.541307045197758]",-74.85781235389199,-89.07019556425666,5.607024192810059,"[-3.613335482642234, 0.10486525279517878]",-83.11719726926079
25,bbob.step_ellipsoid,2,10,20,R2_cv,-83.87,0,26,3.0,5.832871958518021,-1.6078535514419072,"[-4.989234585664153, 2.302357074177274]",-81.97837413369925,-70.09566164393732,5.40932035446167,"[-3.613335482642234, 0.10486525279517878]",-83.11719726926079
26,bbob.step_ellipsoid,2,10,20,R2_cv,-83.87,0,27,inf,3.0525973309513987,-0.44958195882953256,"[-0.5297574559752514, -4.245960916908652]",-80.231592168703,-89.43393083487342,5.541945219039917,"[-3.613335482642234, 0.10486525279517878]",-83.11719726926079
27,bbob.step_ellipsoid,2,10,20,R2_cv,-83.87,0,28,inf,3.0231373376302084,-0.9369904833605377,"[-1.707021967743622, -2.2378231690231845]",-80.85878907704311,-89.55162122132549,5.80590558052063,"[-3.613335482642234, 0.10486525279517878]",-83.11719726926079
28,bbob.step_ellipsoid,2,10,20,R2_cv,-83.87,0,29,3.0,5.680431093832783,-0.7434462327962243,"[-3.3756815462766934, -0.8281455772977367]",-74.41330956143844,-71.33854402394093,6.004786491394043,"[-3.613335482642234, 0.10486525279517878]",-83.11719726926079
29,bbob.step_ellipsoid,2,10,20,R2_cv,-83.87,0,30,3.0,5.726262001265055,-1.3126466503679377,"[-1.2227959343620223, -3.238563031147201]",-81.28753480019479,-81.39994234724895,6.344789266586304,"[-3.613335482642234, 0.10486525279517878]",-83.11719726926079
30,bbob.step_ellipsoid,2,10,20,R2_cv,-83.87,1,1,,,,"[3.488178375299743, 2.0495363036740644]",4394.605586450291,,,"[-2.4718385441814625, -1.194791168522464]",-83.5173635206634
31,bbob.step_ellipsoid,2,10,20,R2_cv,-83.87,1,2,,,,"[4.855840387280367, 0.051350552862755805]",4106.637543747039,,,"[-2.4718385441814625, -1.194791168522464]",-83.5173635206634
32,bbob.step_ellipsoid,2,10,20,R2_cv,-83.87,1,3,,,,"[-2.3118314520104857, 3.576673551027424]",809.6644013547709,,,"[-2.4718385441814625, -1.194791168522464]",-83.5173635206634
33,bbob.step_ellipsoid,2,10,20,R2_cv,-83.87,1,4,,,,"[-0.8277025938204421, -0.4091991363691614]",230.15801206557921,,,"[-2.4718385441814625, -1.194791168522464]",-83.5173635206634
34,bbob.step_ellipsoid,2,10,20,R2_cv,-83.87,1,5,,,,"[-4.54959368767306, -4.027559113243068]",954.5594597154944,,,"[-2.4718385441814625, -1.194791168522464]",-83.5173635206634
35,bbob.step_ellipsoid,2,10,20,R2_cv,-83.87,1,6,,,,"[1.246486891325194, 1.4618566867807221]",1976.8882750276011,,,"[-2.4718385441814625, -1.194791168522464]",-83.5173635206634
36,bbob.step_ellipsoid,2,10,20,R2_cv,-83.87,1,7,,,,"[2.670268283500908, -3.788428703428404]",614.3966552271868,,,"[-2.4718385441814625, -1.194791168522464]",-83.5173635206634
37,bbob.step_ellipsoid,2,10,20,R2_cv,-83.87,1,8,,,,"[0.6968051707083553, -2.4534978894806514]",263.53873581351337,,,"[-2.4718385441814625, -1.194791168522464]",-83.5173635206634
38,bbob.step_ellipsoid,2,10,20,R2_cv,-83.87,1,9,,,,"[-3.1340416972471647, -1.4031129864471295]",-36.38121092295689,,,"[-2.4718385441814625, -1.194791168522464]",-83.5173635206634
39,bbob.step_ellipsoid,2,10,20,R2_cv,-83.87,1,10,,,,"[-1.2034552406761496, 4.73768665955815]",2032.458376259117,,,"[-2.4718385441814625, -1.194791168522464]",-83.5173635206634
40,bbob.step_ellipsoid,2,10,20,R2_cv,-83.87,1,11,1.0,5.7466906961541655,-114.25754060650775,"[-5.0, 1.3556002743123396]",-67.3096054768831,304.3855097031724,1.8577628135681152,"[-2.4718385441814625, -1.194791168522464]",-83.5173635206634
41,bbob.step_ellipsoid,2,10,20,R2_cv,-83.87,1,12,3.0,5.139644603507421,0.041942664998608395,"[-0.3664257248973302, -5.0]",-57.25547273251071,195.00287539939154,2.0410373210906982,"[-2.4718385441814625, -1.194791168522464]",-83.5173635206634
42,bbob.step_ellipsoid,2,10,20,R2_cv,-83.87,1,13,2.5,5.587272032117308,-326.71462077783315,"[-5.0, 5.0]",198.82080436507,735.9528318364703,1.9760370254516602,"[-2.4718385441814625, -1.194791168522464]",-83.5173635206634
43,bbob.step_ellipsoid,2,10,20,R2_cv,-83.87,1,14,2.5,5.589016079818871,-2.084546062636847,"[-3.1852935555747663, 0.6961619325553805]",-36.38121092295689,-108.20464858518221,2.1595263481140137,"[-2.4718385441814625, -1.194791168522464]",-83.5173635206634
44,bbob.step_ellipsoid,2,10,20,R2_cv,-83.87,1,15,2.0,6.1638025031627235,-1.8117577522192174,"[-1.4478753531764819, -3.0982179844233952]",-78.08021394705403,-34.56898577875177,2.3378570079803467,"[-2.4718385441814625, -1.194791168522464]",-83.5173635206634
45,bbob.step_ellipsoid,2,10,20,R2_cv,-83.87,1,16,2.0,6.406543179761299,-0.9716396963138786,"[-5.0, 3.0557072570010098]",-46.08292105570653,-84.17579589578429,2.4899280071258545,"[-2.4718385441814625, -1.194791168522464]",-83.5173635206634
46,bbob.step_ellipsoid,2,10,20,R2_cv,-83.87,1,17,inf,4.071182559452771,-0.6347819214760694,"[1.0190904506203693, -5.0]",-56.76910169338802,-30.220211747067424,2.433236598968506,"[-2.4718385441814625, -1.194791168522464]",-83.5173635206634
47,bbob.step_ellipsoid,2,10,20,R2_cv,-83.87,1,18,inf,4.153817894390352,0.32405060743464775,"[-0.03475027275490252, -4.164621252578154]",-75.05408801658493,-103.7444026590124,2.8196499347686768,"[-2.4718385441814625, -1.194791168522464]",-83.5173635206634
48,bbob.step_ellipsoid,2,10,20,R2_cv,-83.87,1,19,inf,4.17031348132209,0.0223635062150791,"[-4.412479442243596, 1.5743746507241834]",-79.33845470687218,-80.32378444321785,3.3708529472351074,"[-2.4718385441814625, -1.194791168522464]",-83.5173635206634
49,bbob.step_ellipsoid,2,10,20,R2_cv,-83.87,1,20,3.0,6.38614094994046,-0.7270108496591529,"[-1.840760702638121, -1.779189114618909]",-80.85878907704311,-85.6347528773847,4.133423566818237,"[-2.4718385441814625, -1.194791168522464]",-83.5173635206634
50,bbob.step_ellipsoid,2,10,20,R2_cv,-83.87,1,21,inf,4.271034054433143,-0.07745028485370434,"[0.31538732115654916, -5.0]",-78.31031863372989,-89.30062023903633,3.8813962936401367,"[-2.4718385441814625, -1.194791168522464]",-83.5173635206634
51,bbob.step_ellipsoid,2,10,20,R2_cv,-83.87,1,22,3.0,6.463729343556612,-7.304292121841755,"[-4.116507442301492, 0.15371065301681583]",-54.41864644567376,-51.3188428387914,5.087825775146484,"[-2.4718385441814625, -1.194791168522464]",-83.5173635206634
52,bbob.step_ellipsoid,2,10,20,R2_cv,-83.87,1,23,3.0,6.556972338489508,0.2832719573497838,"[-0.8388829779298714, -2.9661894331574556]",-67.3096054768831,-82.1084165380986,5.104017496109009,"[-2.4718385441814625, -1.194791168522464]",-83.5173635206634
53,bbob.step_ellipsoid,2,10,20,R2_cv,-83.87,1,24,inf,3.8075870676097154,0.43816640086189673,"[-5.0, 2.0250442575639753]",-82.15160015053013,-81.07814267506114,4.879778146743774,"[-2.4718385441814625, -1.194791168522464]",-83.5173635206634
54,bbob.step_ellipsoid,2,10,20,R2_cv,-83.87,1,25,inf,3.8337221937167523,0.557716962988582,"[-2.4718385441814625, -1.194791168522464]",-83.5173635206634,-82.78681112700326,5.343664646148682,"[-2.4718385441814625, -1.194791168522464]",-83.5173635206634
55,bbob.step_ellipsoid,2,10,20,R2_cv,-83.87,1,26,inf,3.8280777875462655,0.5689578544603136,"[-1.9865987185555039, -1.9384544241633188]",-83.44194802528507,-84.65360759733994,5.7620744705200195,"[-2.4718385441814625, -1.194791168522464]",-83.5173635206634
56,bbob.step_ellipsoid,2,10,20,R2_cv,-83.87,1,27,2.0,7.703771530314996,-0.2979706004485802,"[-3.075036245926666, -0.3850250551065091]",-83.28562564477284,-75.27145889869985,6.084109306335449,"[-2.4718385441814625, -1.194791168522464]",-83.5173635206634
57,bbob.step_ellipsoid,2,10,20,R2_cv,-83.87,1,28,inf,3.7406328397598503,0.37302448169143526,"[-0.5154886688905846, -4.133188857076399]",-82.15779210114026,-82.55555682137981,5.712529897689819,"[-2.4718385441814625, -1.194791168522464]",-83.5173635206634
58,bbob.step_ellipsoid,2,10,20,R2_cv,-83.87,1,29,inf,3.745647263545407,-4.673791910460103,"[-2.4632205989607594, -1.2149191194991247]",-83.5173635206634,-84.91324756067183,5.855855226516724,"[-2.4718385441814625, -1.194791168522464]",-83.5173635206634
59,bbob.step_ellipsoid,2,10,20,R2_cv,-83.87,1,30,inf,3.7393165228848124,-5.837377593793925,"[-2.4253798598039142, -1.2753886774844185]",-83.5173635206634,-84.54257131033717,7.392493724822998,"[-2.4718385441814625, -1.194791168522464]",-83.5173635206634
60,bbob.step_ellipsoid,2,10,20,R2_cv,-83.87,2,1,,,,"[0.7383878657506839, 2.7015088565858765]",2409.8358039240657,,,"[-4.629296643420252, 1.5194416407486453]",-82.15160015053013
61,bbob.step_ellipsoid,2,10,20,R2_cv,-83.87,2,2,,,,"[-0.8142257405942805, -3.091915942135097]",-67.3096054768831,,,"[-4.629296643420252, 1.5194416407486453]",-82.15160015053013
62,bbob.step_ellipsoid,2,10,20,R2_cv,-83.87,2,3,,,,"[3.3998994740343456, 4.271439473188206]",5939.938805679393,,,"[-4.629296643420252, 1.5194416407486453]",-82.15160015053013
63,bbob.step_ellipsoid,2,10,20,R2_cv,-83.87,2,4,,,,"[1.8120989266333964, 1.9448533726669321]",2618.552825885502,,,"[-4.629296643420252, 1.5194416407486453]",-82.15160015053013
64,bbob.step_ellipsoid,2,10,20,R2_cv,-83.87,2,5,,,,"[-1.274969367906038, -0.6574330148755925]",130.64377612208136,,,"[-4.629296643420252, 1.5194416407486453]",-82.15160015053013
65,bbob.step_ellipsoid,2,10,20,R2_cv,-83.87,2,6,,,,"[-3.562265662780428, 0.8499377366946632]",-69.2606411193208,,,"[-4.629296643420252, 1.5194416407486453]",-82.15160015053013
66,bbob.step_ellipsoid,2,10,20,R2_cv,-83.87,2,7,,,,"[2.5673692091952125, -1.66929729857452]",1290.1169753045997,,,"[-4.629296643420252, 1.5194416407486453]",-82.15160015053013
67,bbob.step_ellipsoid,2,10,20,R2_cv,-83.87,2,8,,,,"[-2.4227846732701277, -2.6331843992741164]",-25.43256447728315,,,"[-4.629296643420252, 1.5194416407486453]",-82.15160015053013
68,bbob.step_ellipsoid,2,10,20,R2_cv,-83.87,2,9,,,,"[4.032564047506323, 3.3169351776903753]",5770.355365482845,,,"[-4.629296643420252, 1.5194416407486453]",-82.15160015053013
69,bbob.step_ellipsoid,2,10,20,R2_cv,-83.87,2,10,,,,"[-4.3916248330800265, -4.187252569720098]",954.5594597154944,,,"[-4.629296643420252, 1.5194416407486453]",-82.15160015053013
70,bbob.step_ellipsoid,2,10,20,R2_cv,-83.87,2,11,2.5,6.728200186774136,-2.2872765317367945,"[-5.0, 5.0]",198.82080436507,896.7124096587117,2.572436571121216,"[-4.629296643420252, 1.5194416407486453]",-82.15160015053013
71,bbob.step_ellipsoid,2,10,20,R2_cv,-83.87,2,12,inf,4.259455869276621,0.4056102096371304,"[5.0, -5.0]",1305.7649432540534,2084.5865851607437,2.7783095836639404,"[-4.629296643420252, 1.5194416407486453]",-82.15160015053013
72,bbob.step_ellipsoid,2,10,20,R2_cv,-83.87,2,13,2.5,6.766737418212018,0.7387351733382449,"[-5.0, -0.0997432285505668]",130.64377612208136,-17.95241006823221,2.7875399589538574,"[-4.629296643420252, 1.5194416407486453]",-82.15160015053013
73,bbob.step_ellipsoid,2,10,20,R2_cv,-83.87,2,14,3.0,6.465955474657021,0.4404933551607596,"[0.5385147713834442, -5.0]",-76.99640060212052,156.6921986279583,3.1094751358032227,"[-4.629296643420252, 1.5194416407486453]",-82.15160015053013
74,bbob.step_ellipsoid,2,10,20,R2_cv,-83.87,2,15,3.0,6.6570237333362,-0.09869964962521838,"[-5.0, 2.6214056358970206]",-71.67873656032765,-108.7014381630554,3.236903667449951,"[-4.629296643420252, 1.5194416407486453]",-82.15160015053013
75,bbob.step_ellipsoid,2,10,20,R2_cv,-83.87,2,16,3.0,6.837370243574016,0.10862282984102692,"[-1.2976779008813226, -5.0]",84.9633361932033,-5.504590467545086,3.755401134490967,"[-4.629296643420252, 1.5194416407486453]",-82.15160015053013
76,bbob.step_ellipsoid,2,10,20,R2_cv,-83.87,2,17,3.0,6.936771111684274,0.20613641468805302,"[-3.083747785613347, -0.792356267075012]",-73.48570540284507,-66.7905810923719,3.5562961101531982,"[-4.629296643420252, 1.5194416407486453]",-82.15160015053013
77,bbob.step_ellipsoid,2,10,20,R2_cv,-83.87,2,18,1.5,9.072085735817339,0.9360590420441419,"[-3.6454292968788176, 2.9163027821739558]",127.33913963808152,176.1862365247723,3.5323660373687744,"[-4.629296643420252, 1.5194416407486453]",-82.15160015053013
78,bbob.step_ellipsoid,2,10,20,R2_cv,-83.87,2,19,2.0,8.361887242651525,0.6108959811070109,"[-0.04827237736503055, -4.144282509554981]",-75.05408801658493,-77.97076422894133,4.133605480194092,"[-4.629296643420252, 1.5194416407486453]",-82.15160015053013
79,bbob.step_ellipsoid,2,10,20,R2_cv,-83.87,2,20,2.0,8.518698370598361,0.8087630738052161,"[-4.629296643420252, 1.5194416407486453]",-82.15160015053013,-72.9138331406316,4.568095684051514,"[-4.629296643420252, 1.5194416407486453]",-82.15160015053013
80,bbob.step_ellipsoid,2,10,20,R2_cv,-83.87,2,21,2.5,7.966822663542004,0.9247657951165886,"[-1.9762332849103899, -1.831462096172145]",-80.85878907704311,-78.72857326507449,4.700083017349243,"[-4.629296643420252, 1.5194416407486453]",-82.15160015053013
81,bbob.step_ellipsoid,2,10,20,R2_cv,-83.87,2,22,inf,4.198577777970612,0.9395715440326835,"[-0.042631869479955405, -5.0]",-80.87736492887352,-86.91597610676308,5.181136131286621,"[-4.629296643420252, 1.5194416407486453]",-82.15160015053013
82,bbob.step_ellipsoid,2,10,20,R2_cv,-83.87,2,23,3.0,7.5931151975069735,0.5602514751791348,"[-4.326721188304222, 1.8525891105154624]",-55.09544686645483,-83.9495494274729,5.5186920166015625,"[-4.629296643420252, 1.5194416407486453]",-82.15160015053013
83,bbob.step_ellipsoid,2,10,20,R2_cv,-83.87,2,24,1.0,11.474392551670409,0.7723316594083859,"[1.9058034547047178, -5.0]",117.39308029554812,221.8855189341059,5.64919900894165,"[-4.629296643420252, 1.5194416407486453]",-82.15160015053013
84,bbob.step_ellipsoid,2,10,20,R2_cv,-83.87,2,25,2.0,8.790840634219784,0.9385071385819735,"[-2.8479680731354753, -0.05688717875161764]",-73.00260403670522,-63.74501089858711,5.933186769485474,"[-4.629296643420252, 1.5194416407486453]",-82.15160015053013
85,bbob.step_ellipsoid,2,10,20,R2_cv,-83.87,2,26,2.0,8.859661676929358,0.9390223014850042,"[-1.1484775582260316, -3.7138740182107126]",-67.31471422069936,-59.658284393026406,6.184591054916382,"[-4.629296643420252, 1.5194416407486453]",-82.15160015053013
86,bbob.step_ellipsoid,2,10,20,R2_cv,-83.87,2,27,2.0,8.925779153361926,0.9356851051575845,"[-3.706185279271157, 0.10015360463260681]",-78.27935888067923,-73.40399671146213,6.190128564834595,"[-4.629296643420252, 1.5194416407486453]",-82.15160015053013
87,bbob.step_ellipsoid,2,10,20,R2_cv,-83.87,2,28,2.0,8.991465112988168,0.9110361553652078,"[-1.5684454882351961, -2.645449953752207]",-81.97837413369925,-84.35972294283215,6.1325037479400635,"[-4.629296643420252, 1.5194416407486453]",-82.15160015053013
88,bbob.step_ellipsoid,2,10,20,R2_cv,-83.87,2,29,2.0,9.057247297630552,0.7447284988516966,"[-4.9887704192681, 1.8114597977863864]",-82.15160015053013,-84.34460768882889,6.216613292694092,"[-4.629296643420252, 1.5194416407486453]",-82.15160015053013
89,bbob.step_ellipsoid,2,10,20,R2_cv,-83.87,2,30,3.0,7.052449352967824,0.8466618135838075,"[-2.502307432110278, -1.0048393740414232]",-78.27935888067923,-80.58458292211901,7.199247598648071,"[-4.629296643420252, 1.5194416407486453]",-82.15160015053013
90,bbob.step_ellipsoid,2,10,20,R2_cv,-83.87,3,1,,,,"[-4.085649167143624, -4.2368105065960995]",809.6644013547709,,,"[-5.0, 2.2926501990094486]",-82.48007965843247
91,bbob.step_ellipsoid,2,10,20,R2_cv,-83.87,3,2,,,,"[3.1987255347936028, 0.4178379639356322]",2820.334020635247,,,"[-5.0, 2.2926501990094486]",-82.48007965843247
92,bbob.step_ellipsoid,2,10,20,R2_cv,-83.87,3,3,,,,"[2.905871357759601, -3.4331269402364737]",785.9310011529041,,,"[-5.0, 2.2926501990094486]",-82.48007965843247
93,bbob.step_ellipsoid,2,10,20,R2_cv,-83.87,3,4,,,,"[1.520948701859166, -2.159738914637078]",530.0779588020495,,,"[-5.0, 2.2926501990094486]",-82.48007965843247
94,bbob.step_ellipsoid,2,10,20,R2_cv,-83.87,3,5,,,,"[-2.7345771514092148, -0.11367201992140341]",-44.213762311024546,,,"[-5.0, 2.2926501990094486]",-82.48007965843247
95,bbob.step_ellipsoid,2,10,20,R2_cv,-83.87,3,6,,,,"[0.6087718095043382, 3.483259817378636]",2805.004976933138,,,"[-5.0, 2.2926501990094486]",-82.48007965843247
96,bbob.step_ellipsoid,2,10,20,R2_cv,-83.87,3,7,,,,"[-0.43062802041417747, -1.5867985714381403]",110.02691040300061,,,"[-5.0, 2.2926501990094486]",-82.48007965843247
97,bbob.step_ellipsoid,2,10,20,R2_cv,-83.87,3,8,,,,"[4.262162212707839, 1.0437327451639007]",4201.340272191912,,,"[-5.0, 2.2926501990094486]",-82.48007965843247
98,bbob.step_ellipsoid,2,10,20,R2_cv,-83.87,3,9,,,,"[-1.2842011637487918, 2.351452792920174]",954.5594597154944,,,"[-5.0, 2.2926501990094486]",-82.48007965843247
99,bbob.step_ellipsoid,2,10,20,R2_cv,-83.87,3,10,,,,"[-3.6962159966701553, 4.707279250987513]",553.41813134925,,,"[-5.0, 2.2926501990094486]",-82.48007965843247
100,bbob.step_ellipsoid,2,10,20,R2_cv,-83.87,3,11,inf,3.8149644186575973,-1.9070863788358203,"[-5.0, 2.2926501990094486]",-82.48007965843247,110.64018468044878,2.1750710010528564,"[-5.0, 2.2926501990094486]",-82.48007965843247
101,bbob.step_ellipsoid,2,10,20,R2_cv,-83.87,3,12,3.0,4.757883755124875,0.22567541524190782,"[-0.07820549169272364, -5.0]",-75.29290825522757,503.1382855554682,2.50138521194458,"[-5.0, 2.2926501990094486]",-82.48007965843247
102,bbob.step_ellipsoid,2,10,20,R2_cv,-83.87,3,13,1.5,5.411745002019314,-2886.5008767988284,"[-5.0, -0.5107364580553446]",130.64377612208136,116.24318238974513,2.3862106800079346,"[-5.0, 2.2926501990094486]",-82.48007965843247
103,bbob.step_ellipsoid,2,10,20,R2_cv,-83.87,3,14,1.5,5.677462453983834,-1.811178443805817,"[-1.342044026151967, -3.3362387022883215]",-74.99633100110404,28.234580185613368,2.558178424835205,"[-5.0, 2.2926501990094486]",-82.48007965843247
104,bbob.step_ellipsoid,2,10,20,R2_cv,-83.87,3,15,3.0,5.210026665082463,0.6373589152434669,"[-3.963989040888861, 1.284422309119564]",-62.82135355432625,-98.44107513918016,2.7965641021728516,"[-5.0, 2.2926501990094486]",-82.48007965843247
105,bbob.step_ellipsoid,2,10,20,R2_cv,-83.87,3,16,2.5,5.634395738047422,0.7462840582861846,"[1.342129753849731, -4.994027624309466]",-17.628421907532413,80.28194221431636,2.7653510570526123,"[-5.0, 2.2926501990094486]",-82.48007965843247
106,bbob.step_ellipsoid,2,10,20,R2_cv,-83.87,3,17,2.0,6.03147239198467,-1.262494854781585,"[0.13910596389674149, -3.7191392093420728]",-42.57913963808153,-89.15687495412055,3.079620838165283,"[-5.0, 2.2926501990094486]",-82.48007965843247
107,bbob.step_ellipsoid,2,10,20,R2_cv,-83.87,3,18,2.5,5.891070491256065,-1.6761626399790224,"[-5.0, 5.0]",198.82080436507,267.35117253080375,3.1856653690338135,"[-5.0, 2.2926501990094486]",-82.48007965843247
108,bbob.step_ellipsoid,2,10,20,R2_cv,-83.87,3,19,3.0,5.723818397076136,0.727885271275729,"[-2.431672389376503, -1.8152994346475082]",-69.2606411193208,-40.880557471061934,3.3817977905273438,"[-5.0, 2.2926501990094486]",-82.48007965843247
109,bbob.step_ellipsoid,2,10,20,R2_cv,-83.87,3,20,3.0,5.870341744737582,0.8626903901614359,"[-5.0, 1.2058305231198483]",-67.3096054768831,-70.68862397936107,3.7317750453948975,"[-5.0, 2.2926501990094486]",-82.48007965843247
110,bbob.step_ellipsoid,2,10,20,R2_cv,-83.87,3,21,3.0,5.9936230204525005,0.8759581415893922,"[-1.4442285564352593, -2.3836031393431667]",-80.85878907704311,-87.48654260875276,3.8885104656219482,"[-5.0, 2.2926501990094486]",-82.48007965843247
111,bbob.step_ellipsoid,2,10,20,R2_cv,-83.87,3,22,3.0,6.105536904586729,0.36132289242919213,"[-3.7203851313388845, -0.045014947584704694]",-78.27935888067923,-60.5672010102943,4.462569952011108,"[-5.0, 2.2926501990094486]",-82.48007965843247
112,bbob.step_ellipsoid,2,10,20,R2_cv,-83.87,3,23,inf,3.8930326325671043,0.593075188949501,"[0.39192338176412705, -5.0]",-76.99640060212052,-83.60733787767049,4.485727787017822,"[-5.0, 2.2926501990094486]",-82.48007965843247
113,bbob.step_ellipsoid,2,10,20,R2_cv,-83.87,3,24,inf,3.8729034402545204,0.5899299108845971,"[-0.9760495061037334, -3.218948908107844]",-82.15160015053013,-85.6568155662701,5.144146680831909,"[-5.0, 2.2926501990094486]",-82.48007965843247
114,bbob.step_ellipsoid,2,10,20,R2_cv,-83.87,3,25,inf,3.855868020021084,-1.146609532577708,"[-4.632473341842883, 1.443837135667539]",-82.15160015053013,-83.40075447378752,5.195819616317749,"[-5.0, 2.2926501990094486]",-82.48007965843247
115,bbob.step_ellipsoid,2,10,20,R2_cv,-83.87,3,26,inf,3.869105001147733,-0.6425651913489848,"[-4.997765172045483, 1.77680160629963]",-82.15160015053013,-83.8033427065501,5.106299638748169,"[-5.0, 2.2926501990094486]",-82.48007965843247
116,bbob.step_ellipsoid,2,10,20,R2_cv,-83.87,3,27,inf,3.7982013775239745,-1.182138093126078,"[-0.46533528956906056, -4.113540390894251]",-82.15779210114026,-79.88453282448722,6.360226154327393,"[-5.0, 2.2926501990094486]",-82.48007965843247
117,bbob.step_ellipsoid,2,10,20,R2_cv,-83.87,3,28,inf,3.7661979152350153,0.2750605750009492,"[-1.0169973346237922, -3.2280077508469724]",-82.15160015053013,-83.62543132006687,6.423147201538086,"[-5.0, 2.2926501990094486]",-82.48007965843247
118,bbob.step_ellipsoid,2,10,20,R2_cv,-83.87,3,29,inf,3.697909981522159,-217011.6150709354,"[-5.0, 2.008999327203248]",-82.15160015053013,-83.97060066579053,7.2369019985198975,"[-5.0, 2.2926501990094486]",-82.48007965843247
119,bbob.step_ellipsoid,2,10,20,R2_cv,-83.87,3,30,inf,3.639982874005829,-134688.19439725587,"[-4.235992204037389, 0.8725965423921487]",-80.85878907704311,-82.62669158241158,7.174870491027832,"[-5.0, 2.2926501990094486]",-82.48007965843247
120,bbob.step_ellipsoid,2,10,20,R2_cv,-83.87,4,1,,,,"[-3.9430561055723676, 1.488672447185638]",-62.82135355432625,,,"[-3.839887826967551, 0.560233507066597]",-83.72839596329479
121,bbob.step_ellipsoid,2,10,20,R2_cv,-83.87,4,2,,,,"[0.023756294292295976, 4.919163976104398]",2884.8806257118767,,,"[-3.839887826967551, 0.560233507066597]",-83.72839596329479
122,bbob.step_ellipsoid,2,10,20,R2_cv,-83.87,4,3,,,,"[3.3926441680049706, -0.37648658437727267]",2424.926019882597,,,"[-3.839887826967551, 0.560233507066597]",-83.72839596329479
123,bbob.step_ellipsoid,2,10,20,R2_cv,-83.87,4,4,,,,"[-1.8019012069858071, 2.8254721838559718]",765.863623621466,,,"[-3.839887826967551, 0.560233507066597]",-83.72839596329479
124,bbob.step_ellipsoid,2,10,20,R2_cv,-83.87,4,5,,,,"[4.128364725812343, -3.543941400763498]",1414.0143241927954,,,"[-3.839887826967551, 0.560233507066597]",-83.72839596329479
125,bbob.step_ellipsoid,2,10,20,R2_cv,-83.87,4,6,,,,"[-2.9022150797159885, -2.477153523839206]",30.869605476883066,,,"[-3.839887826967551, 0.560233507066597]",-83.72839596329479
126,bbob.step_ellipsoid,2,10,20,R2_cv,-83.87,4,7,,,,"[-4.4304962777294135, 3.211053282455671]",65.64547349821962,,,"[-3.839887826967551, 0.560233507066597]",-83.72839596329479
127,bbob.step_ellipsoid,2,10,20,R2_cv,-83.87,4,8,,,,"[-0.9841529999311209, -4.369725792652429]",-46.08292105570653,,,"[-3.839887826967551, 0.560233507066597]",-83.72839596329479
128,bbob.step_ellipsoid,2,10,20,R2_cv,-83.87,4,9,,,,"[1.0310671306837644, -1.9290263877654192]",566.1590217980935,,,"[-3.839887826967551, 0.560233507066597]",-83.72839596329479
129,bbob.step_ellipsoid,2,10,20,R2_cv,-83.87,4,10,,,,"[2.8223074142380185, 0.3911483831554534]",2498.3685730469506,,,"[-3.839887826967551, 0.560233507066597]",-83.72839596329479
130,bbob.step_ellipsoid,2,10,20,R2_cv,-83.87,4,11,inf,4.180013332192139,-2.9788842970605134,"[-5.0, -5.0]",1695.965466516339,805.2524869763186,2.2021822929382324,"[-3.839887826967551, 0.560233507066597]",-83.72839596329479
131,bbob.step_ellipsoid,2,10,20,R2_cv,-83.87,4,12,inf,3.9098074015066144,-26.628507683356666,"[-1.8059748088331118, -0.941586144416979]",-11.644553133545188,-244.26366497578647,2.1417152881622314,"[-3.839887826967551, 0.560233507066597]",-83.72839596329479
132,bbob.step_ellipsoid,2,10,20,R2_cv,-83.87,4,13,inf,3.4869452432196018,0.6000005166723885,"[1.2077037114994946, -5.0]",-17.628421907532413,153.46520491061426,2.118987560272217,"[-3.839887826967551, 0.560233507066597]",-83.72839596329479
133,bbob.step_ellipsoid,2,10,20,R2_cv,-83.87,4,14,3.0,4.640511082776701,-1104.2117456840836,"[-5.0, -0.29283825497998994]",130.64377612208136,182.1121395981337,2.4352805614471436,"[-3.839887826967551, 0.560233507066597]",-83.72839596329479
134,bbob.step_ellipsoid,2,10,20,R2_cv,-83.87,4,15,inf,3.800032131334992,-0.03912269042321901,"[-0.4805228102892832, -3.3939597818688707]",-71.82515630817245,-152.5489087385945,2.457827091217041,"[-3.839887826967551, 0.560233507066597]",-83.72839596329479
135,bbob.step_ellipsoid,2,10,20,R2_cv,-83.87,4,16,inf,3.8507171879563753,0.2703665443219251,"[-3.340577306205214, -0.2906163710534088]",-82.97549742090868,-92.8655265258758,2.684837579727173,"[-3.839887826967551, 0.560233507066597]",-83.72839596329479
136,bbob.step_ellipsoid,2,10,20,R2_cv,-83.87,4,17,inf,4.036894067259844,0.708753838414155,"[0.1244627115505246, -5.0]",-80.87736492887352,-99.30405273101303,2.8186583518981934,"[-3.839887826967551, 0.560233507066597]",-83.72839596329479
137,bbob.step_ellipsoid,2,10,20,R2_cv,-83.87,4,18,1.0,6.204819359221064,-5.1415263174101336,"[-5.0, 5.0]",198.82080436507,477.5106361808265,3.296502113342285,"[-3.839887826967551, 0.560233507066597]",-83.72839596329479
138,bbob.step_ellipsoid,2,10,20,R2_cv,-83.87,4,19,inf,4.005354097015438,0.6923420689497826,"[-5.0, 2.092038113543558]",-82.15160015053013,-5.368415953651379,3.234098196029663,"[-3.839887826967551, 0.560233507066597]",-83.72839596329479
139,bbob.step_ellipsoid,2,10,20,R2_cv,-83.87,4,20,3.0,5.46766930006719,0.6301673516180546,"[-1.5860274682725077, -2.5504613437443995]",-80.85878907704311,-88.33091843832756,3.584367513656616,"[-3.839887826967551, 0.560233507066597]",-83.72839596329479
140,bbob.step_ellipsoid,2,10,20,R2_cv,-83.87,4,21,3.0,5.606239483513589,0.6404794194230983,"[-2.590079154910743, -1.3888464628186226]",-81.94655104488326,-83.89907806210147,3.6239676475524902,"[-3.839887826967551, 0.560233507066597]",-83.72839596329479
141,bbob.step_ellipsoid,2,10,20,R2_cv,-83.87,4,22,3.0,5.7384464258958925,0.6776534754688232,"[0.15425182992444642, -4.342452972831405]",-75.05408801658493,-81.56932941387151,4.15494966506958,"[-3.839887826967551, 0.560233507066597]",-83.72839596329479
142,bbob.step_ellipsoid,2,10,20,R2_cv,-83.87,4,23,1.0,6.896462988153992,-9.687519360742382,"[-2.70227603733672, 0.6820600222323886]",15.411600150530106,15.69480801196562,4.594633102416992,"[-3.839887826967551, 0.560233507066597]",-83.72839596329479
143,bbob.step_ellipsoid,2,10,20,R2_cv,-83.87,4,24,3.0,5.84615781821431,0.6612091631738933,"[-4.515610994113255, 1.050057067874583]",-80.85878907704311,-77.82852121117742,4.6263110637664795,"[-3.839887826967551, 0.560233507066597]",-83.72839596329479
144,bbob.step_ellipsoid,2,10,20,R2_cv,-83.87,4,25,inf,3.603447044898336,0.7808206836200645,"[-0.49547605604777245, -4.016269619889472]",-82.15779210114026,-84.97841758708773,4.71948766708374,"[-3.839887826967551, 0.560233507066597]",-83.72839596329479
145,bbob.step_ellipsoid,2,10,20,R2_cv,-83.87,4,26,inf,3.567237627202256,0.7613730492739236,"[-4.978786994860216, 1.6915288772469692]",-82.15160015053013,-83.44937343629101,5.453746318817139,"[-3.839887826967551, 0.560233507066597]",-83.72839596329479
146,bbob.step_ellipsoid,2,10,20,R2_cv,-83.87,4,27,inf,3.5715440411707444,0.8542806989841768,"[-3.9613846040483156, 0.7103656377545484]",-83.39117838861976,-85.54999278009791,5.208380460739136,"[-3.839887826967551, 0.560233507066597]",-83.72839596329479
147,bbob.step_ellipsoid,2,10,20,R2_cv,-83.87,4,28,inf,3.5138168123877325,0.7976572433967661,"[-4.57072325428852, 1.4901359269191454]",-82.15160015053013,-84.93430809521038,5.540393114089966,"[-3.839887826967551, 0.560233507066597]",-83.72839596329479
148,bbob.step_ellipsoid,2,10,20,R2_cv,-83.87,4,29,inf,3.51132347792666,-0.8268345171877767,"[-3.839887826967551, 0.560233507066597]",-83.72839596329479,-84.26364713570837,6.2663185596466064,"[-3.839887826967551, 0.560233507066597]",-83.72839596329479
149,bbob.step_ellipsoid,2,10,20,R2_cv,-83.87,4,30,inf,3.4874498989327725,-1.2181169077989575,"[-5.0, 1.8501172961654966]",-82.15160015053013,-83.72367824628071,6.792489051818848,"[-3.839887826967551, 0.560233507066597]",-83.72839596329479
150,bbob.step_ellipsoid,2,10,20,R2_cv,-83.87,5,1,,,,"[-3.80500292374538, -1.8079407897364943]",86.11779210114028,,,"[-2.396507920507997, -1.5623826966670507]",-83.22669043856156
151,bbob.step_ellipsoid,2,10,20,R2_cv,-83.87,5,2,,,,"[4.4846744389578586, 4.714198619911858]",7934.753189990479,,,"[-2.396507920507997, -1.5623826966670507]",-83.22669043856156
152,bbob.step_ellipsoid,2,10,20,R2_cv,-83.87,5,3,,,,"[-2.053930702381656, -3.3833688807855182]",-13.197298908732506,,,"[-2.396507920507997, -1.5623826966670507]",-83.22669043856156
153,bbob.step_ellipsoid,2,10,20,R2_cv,-83.87,5,4,,,,"[1.5915267945800018, -4.045275193902445]",137.37282840380055,,,"[-2.396507920507997, -1.5623826966670507]",-83.22669043856156
154,bbob.step_ellipsoid,2,10,20,R2_cv,-83.87,5,5,,,,"[-4.048757710727168, 3.0008238849349294]",65.64547349821962,,,"[-2.396507920507997, -1.5623826966670507]",-83.22669043856156
155,bbob.step_ellipsoid,2,10,20,R2_cv,-83.87,5,6,,,,"[3.347630888412013, 1.7654897983301758]",3992.4772564728237,,,"[-2.396507920507997, -1.5623826966670507]",-83.22669043856156
156,bbob.step_ellipsoid,2,10,20,R2_cv,-83.87,5,7,,,,"[-0.43494755222514225, -2.9741861932592553]",-33.554229926112974,,,"[-2.396507920507997, -1.5623826966670507]",-83.22669043856156
157,bbob.step_ellipsoid,2,10,20,R2_cv,-83.87,5,8,,,,"[0.10232239189145087, -0.8442310376087407]",451.78168422282613,,,"[-2.396507920507997, -1.5623826966670507]",-83.22669043856156
158,bbob.step_ellipsoid,2,10,20,R2_cv,-83.87,5,9,,,,"[2.6075953356652217, 2.5069769812682576]",3662.8342339090195,,,"[-2.396507920507997, -1.5623826966670507]",-83.22669043856156
159,bbob.step_ellipsoid,2,10,20,R2_cv,-83.87,5,10,,,,"[-1.6766893518310662, 0.939197287041944]",284.2703186337299,,,"[-2.396507920507997, -1.5623826966670507]",-83.22669043856156
160,bbob.step_ellipsoid,2,10,20,R2_cv,-83.87,5,11,inf,4.773228053161551,-0.3111050889489744,"[-2.5970045328358338, 4.9968134275700145]",1052.4663520663398,517.9609311745353,2.7065799236297607,"[-2.396507920507997, -1.5623826966670507]",-83.22669043856156
161,bbob.step_ellipsoid,2,10,20,R2_cv,-83.87,5,12,3.0,6.7271255125267535,-6.745851228195514,"[-5.0, -5.0]",1695.965466516339,440.2787815165241,2.8780462741851807,"[-2.396507920507997, -1.5623826966670507]",-83.22669043856156
162,bbob.step_ellipsoid,2,10,20,R2_cv,-83.87,5,13,inf,4.378612639170321,-0.5937152822924944,"[5.0, -5.0]",1305.7649432540534,967.0597852205017,2.63974928855896,"[-2.396507920507997, -1.5623826966670507]",-83.22669043856156
163,bbob.step_ellipsoid,2,10,20,R2_cv,-83.87,5,14,inf,4.4069872232801055,-2.4681272465586956,"[-0.1188105189762213, -5.0]",-73.70019714558728,-233.00536290677428,2.7118730545043945,"[-2.396507920507997, -1.5623826966670507]",-83.22669043856156
164,bbob.step_ellipsoid,2,10,20,R2_cv,-83.87,5,15,3.0,6.348033859399089,0.6128455841214127,"[-4.99131238610013, 4.754910372529626]",198.82080436507,286.1175235379212,3.120140314102173,"[-2.396507920507997, -1.5623826966670507]",-83.22669043856156
165,bbob.step_ellipsoid,2,10,20,R2_cv,-83.87,5,16,3.0,6.468086406811975,0.5941795795743583,"[-5.0, 0.9050031477794305]",-23.24270109126752,-77.7707980726077,3.4156787395477295,"[-2.396507920507997, -1.5623826966670507]",-83.22669043856156
166,bbob.step_ellipsoid,2,10,20,R2_cv,-83.87,5,17,inf,4.568730677126365,-0.6643513897728807,"[1.1240891856745536, -4.980974156047281]",-17.628421907532413,-50.240851346922454,3.163567066192627,"[-2.396507920507997, -1.5623826966670507]",-83.22669043856156
167,bbob.step_ellipsoid,2,10,20,R2_cv,-83.87,5,18,3.0,6.744956187544101,0.6635235661953682,"[-2.6615150486401933, -0.8707376460489801]",-82.30476963666531,-52.31881380078926,3.8488924503326416,"[-2.396507920507997, -1.5623826966670507]",-83.22669043856156
168,bbob.step_ellipsoid,2,10,20,R2_cv,-83.87,5,19,1.5,8.208281843439824,0.8011489868291324,"[-3.5809450948569332, 0.664525753348395]",-69.2606411193208,-53.888517690402296,3.699524164199829,"[-2.396507920507997, -1.5623826966670507]",-83.22669043856156
169,bbob.step_ellipsoid,2,10,20,R2_cv,-83.87,5,20,1.5,8.374583711471763,0.8233100142326542,"[-4.990682562250399, 2.497415095700709]",-75.28622366487103,-52.397716501896866,4.144759893417358,"[-2.396507920507997, -1.5623826966670507]",-83.22669043856156
170,bbob.step_ellipsoid,2,10,20,R2_cv,-83.87,5,21,1.5,8.521367643320662,0.794886199309411,"[-1.7655401300034719, -2.0039333645616253]",-80.85878907704311,-87.370108866284,4.341060400009155,"[-2.396507920507997, -1.5623826966670507]",-83.22669043856156
171,bbob.step_ellipsoid,2,10,20,R2_cv,-83.87,5,22,2.0,8.079230913368386,-0.5989329098360083,"[0.0054282757972980945, -4.14935576872698]",-75.05408801658493,-95.23806131017386,4.876709222793579,"[-2.396507920507997, -1.5623826966670507]",-83.22669043856156
172,bbob.step_ellipsoid,2,10,20,R2_cv,-83.87,5,23,inf,4.559401114072791,-0.8864113138471484,"[-2.5244011167416716, -1.551006808580542]",-81.02278063488725,-90.13001175992395,5.152111291885376,"[-2.396507920507997, -1.5623826966670507]",-83.22669043856156
173,bbob.step_ellipsoid,2,10,20,R2_cv,-83.87,5,24,inf,4.491136033941433,-1.18796513148273,"[-0.5951007833662192, -4.002516004160825]",-82.15779210114026,-85.20954613299182,5.6552557945251465,"[-2.396507920507997, -1.5623826966670507]",-83.22669043856156
174,bbob.step_ellipsoid,2,10,20,R2_cv,-83.87,5,25,inf,4.596111491075197,-1.550717158994391,"[-4.59038950686764, 1.601358467255043]",-82.15160015053013,-79.3280122292091,5.699122190475464,"[-2.396507920507997, -1.5623826966670507]",-83.22669043856156
175,bbob.step_ellipsoid,2,10,20,R2_cv,-83.87,5,26,inf,4.534476123951267,-0.07337228600882773,"[-2.1433793887713355, -1.9519244123013009]",-81.29676175424625,-85.44839564483618,5.664128541946411,"[-2.396507920507997, -1.5623826966670507]",-83.22669043856156
176,bbob.step_ellipsoid,2,10,20,R2_cv,-83.87,5,27,inf,4.410349626650934,-0.09574300046354516,"[-2.9965935203274077, -0.797223539925456]",-82.72260394523117,-82.80985098565282,6.268772602081299,"[-2.396507920507997, -1.5623826966670507]",-83.22669043856156
177,bbob.step_ellipsoid,2,10,20,R2_cv,-83.87,5,28,inf,4.378409899118049,-18.2841142125438,"[-0.34331238599002223, -4.328969527794991]",-80.87736492887352,-83.83188777001271,6.144504547119141,"[-2.396507920507997, -1.5623826966670507]",-83.22669043856156
178,bbob.step_ellipsoid,2,10,20,R2_cv,-83.87,5,29,inf,4.359331233249196,-4.427063378629689,"[-2.396507920507997, -1.5623826966670507]",-83.22669043856156,-84.51900750173934,6.582558870315552,"[-2.396507920507997, -1.5623826966670507]",-83.22669043856156
179,bbob.step_ellipsoid,2,10,20,R2_cv,-83.87,5,30,inf,4.244930987969197,-1.428920364846156,"[-2.4724711390882255, -1.4269560063298818]",-83.22669043856156,-84.22423007914904,6.835845470428467,"[-2.396507920507997, -1.5623826966670507]",-83.22669043856156
180,bbob.step_ellipsoid,2,10,20,R2_cv,-83.87,6,1,,,,"[4.461835648528057, -3.343270869813338]",1661.2021936270053,,,"[-2.4588703607727904, -1.2685277124246979]",-83.72839596329479
181,bbob.step_ellipsoid,2,10,20,R2_cv,-83.87,6,2,,,,"[-0.3690672397953785, -0.3744967655878826]",348.58562888620025,,,"[-2.4588703607727904, -1.2685277124246979]",-83.72839596329479
182,bbob.step_ellipsoid,2,10,20,R2_cv,-83.87,6,3,,,,"[3.012555009813534, 2.3672437273928537]",3992.4772564728237,,,"[-2.4588703607727904, -1.2685277124246979]",-83.72839596329479
183,bbob.step_ellipsoid,2,10,20,R2_cv,-83.87,6,4,,,,"[0.32567606949550587, 0.6700365446145415]",1011.4299049399157,,,"[-2.4588703607727904, -1.2685277124246979]",-83.72839596329479
184,bbob.step_ellipsoid,2,10,20,R2_cv,-83.87,6,5,,,,"[1.3200823388359773, 3.8770276251128095]",3416.316376615066,,,"[-2.4588703607727904, -1.2685277124246979]",-83.72839596329479
185,bbob.step_ellipsoid,2,10,20,R2_cv,-83.87,6,6,,,,"[-3.051729231983775, -2.850191346808787]",106.08515630817246,,,"[-2.4588703607727904, -1.2685277124246979]",-83.72839596329479
186,bbob.step_ellipsoid,2,10,20,R2_cv,-83.87,6,7,,,,"[-2.0088958055354347, 4.021232437814703]",1002.8695963294784,,,"[-2.4588703607727904, -1.2685277124246979]",-83.72839596329479
187,bbob.step_ellipsoid,2,10,20,R2_cv,-83.87,6,8,,,,"[-1.8270030258190535, 1.2147890406736286]",284.2703186337299,,,"[-2.4588703607727904, -1.2685277124246979]",-83.72839596329479
188,bbob.step_ellipsoid,2,10,20,R2_cv,-83.87,6,9,,,,"[2.951916512997453, -4.207439266206975]",614.3966552271868,,,"[-2.4588703607727904, -1.2685277124246979]",-83.72839596329479
189,bbob.step_ellipsoid,2,10,20,R2_cv,-83.87,6,10,,,,"[-4.849865631095212, -1.4324948116550305]",251.1853575138586,,,"[-2.4588703607727904, -1.2685277124246979]",-83.72839596329479
190,bbob.step_ellipsoid,2,10,20,R2_cv,-83.87,6,11,inf,4.153175601641168,-0.30818964454356534,"[-0.579147494737058, -5.0]",-35.78377612208135,-119.92792282761843,1.7841506004333496,"[-2.4588703607727904, -1.2685277124246979]",-83.72839596329479
191,bbob.step_ellipsoid,2,10,20,R2_cv,-83.87,6,12,3.0,5.357417963531051,0.5000738872146335,"[-5.0, 3.8503360476960227]",15.133089596999412,323.9670320375242,2.0720133781433105,"[-2.4588703607727904, -1.2685277124246979]",-83.72839596329479
192,bbob.step_ellipsoid,2,10,20,R2_cv,-83.87,6,13,inf,4.715144320689939,-19.812162724642643,"[-5.0, -5.0]",1695.965466516339,425.9878347045111,1.9810326099395752,"[-2.4588703607727904, -1.2685277124246979]",-83.72839596329479
193,bbob.step_ellipsoid,2,10,20,R2_cv,-83.87,6,14,3.0,4.838311151901423,0.5038227708445382,"[-5.0, 1.4747949505196893]",-67.3096054768831,-88.65205032841413,2.1554055213928223,"[-2.4588703607727904, -1.2685277124246979]",-83.72839596329479
194,bbob.step_ellipsoid,2,10,20,R2_cv,-83.87,6,15,3.0,5.121851848714232,0.37815229341642465,"[-0.15318123506851739, -3.305609352775343]",-42.57913963808153,-113.20785565905601,2.3383779525756836,"[-2.4588703607727904, -1.2685277124246979]",-83.72839596329479
195,bbob.step_ellipsoid,2,10,20,R2_cv,-83.87,6,16,3.0,5.31906264726703,0.5301873769142025,"[-3.085222771813385, -0.5868475141663347]",-83.49173238245754,-120.92480528283909,2.3955442905426025,"[-2.4588703607727904, -1.2685277124246979]",-83.72839596329479
196,bbob.step_ellipsoid,2,10,20,R2_cv,-83.87,6,17,inf,4.089552959240114,-0.07233849301300666,"[0.7837683149975152, -5.0]",-56.76910169338802,-81.51807299505231,2.211627960205078,"[-2.4588703607727904, -1.2685277124246979]",-83.72839596329479
197,bbob.step_ellipsoid,2,10,20,R2_cv,-83.87,6,18,inf,4.214025267816022,0.1236140021777489,"[-1.7105376444483786, -2.1934096830663585]",-80.85878907704311,-110.35129471894822,2.5870704650878906,"[-2.4588703607727904, -1.2685277124246979]",-83.72839596329479
198,bbob.step_ellipsoid,2,10,20,R2_cv,-83.87,6,19,inf,4.064704213921249,0.08727627004187237,"[-4.28027974551229, 1.8537597039256448]",-55.09544686645483,-54.190693913805035,2.6498842239379883,"[-2.4588703607727904, -1.2685277124246979]",-83.72839596329479
199,bbob.step_ellipsoid,2,10,20,R2_cv,-83.87,6,20,2.0,6.370447158160559,-0.024895779769708158,"[-5.0, 5.0]",198.82080436507,161.5680700157576,3.4425606727600098,"[-2.4588703607727904, -1.2685277124246979]",-83.72839596329479
200,bbob.step_ellipsoid,2,10,20,R2_cv,-83.87,6,21,inf,4.116838758605914,0.8733340281151503,"[-0.30820380605864733, -4.2411174348703184]",-80.87736492887352,-78.04465232245639,3.6113100051879883,"[-2.4588703607727904, -1.2685277124246979]",-83.72839596329479
201,bbob.step_ellipsoid,2,10,20,R2_cv,-83.87,6,22,inf,4.1325428594381,0.2802069245769112,"[-2.4588703607727904, -1.2685277124246979]",-83.72839596329479,-86.11532947663625,4.095619440078735,"[-2.4588703607727904, -1.2685277124246979]",-83.72839596329479
202,bbob.step_ellipsoid,2,10,20,R2_cv,-83.87,6,23,inf,4.131843369811015,0.36848565518071147,"[-4.981815327678854, 2.182311890504783]",-82.15160015053013,-77.73470371432995,4.136370420455933,"[-2.4588703607727904, -1.2685277124246979]",-83.72839596329479
203,bbob.step_ellipsoid,2,10,20,R2_cv,-83.87,6,24,2.0,6.768474217540698,0.21680772668206177,"[-1.3011994336798354, -3.449871656131551]",-74.99633100110404,-65.89040949331877,4.602080821990967,"[-2.4588703607727904, -1.2685277124246979]",-83.72839596329479
204,bbob.step_ellipsoid,2,10,20,R2_cv,-83.87,6,25,3.0,6.349994018845054,-0.05470582311906717,"[-3.8474506851157293, 0.41047976297883376]",-78.27935888067923,-70.5602350615743,5.189188003540039,"[-2.4588703607727904, -1.2685277124246979]",-83.72839596329479
205,bbob.step_ellipsoid,2,10,20,R2_cv,-83.87,6,26,3.0,6.40685901391491,-0.4337335307841051,"[-0.9971949946840327, -3.084314210218147]",-82.15160015053013,-84.69154554370846,5.759068489074707,"[-2.4588703607727904, -1.2685277124246979]",-83.72839596329479
206,bbob.step_ellipsoid,2,10,20,R2_cv,-83.87,6,27,inf,3.7713780609515113,-0.22711307546118437,"[-3.025215125745751, -0.3941067589125084]",-82.72260394523117,-83.5291534468937,5.496392011642456,"[-2.4588703607727904, -1.2685277124246979]",-83.72839596329479
207,bbob.step_ellipsoid,2,10,20,R2_cv,-83.87,6,28,3.0,6.507305783838054,0.20971070196006564,"[-0.734820063585456, -3.6943730728715796]",-82.15779210114026,-84.0300582979126,6.111273765563965,"[-2.4588703607727904, -1.2685277124246979]",-83.72839596329479
208,bbob.step_ellipsoid,2,10,20,R2_cv,-83.87,6,29,3.0,6.534137303618265,0.12920138208998316,"[0.17503512741412136, -5.0]",-80.87736492887352,-77.77862499025895,6.213942289352417,"[-2.4588703607727904, -1.2685277124246979]",-83.72839596329479
209,bbob.step_ellipsoid,2,10,20,R2_cv,-83.87,6,30,inf,3.6595996874319163,-0.03030773725352125,"[-2.919103526231926, -0.7900509319427577]",-83.65951353554327,-83.88557661176532,6.168536901473999,"[-2.4588703607727904, -1.2685277124246979]",-83.72839596329479
210,bbob.step_ellipsoid,2,10,20,R2_cv,-83.87,7,1,,,,"[-0.6250954666046669, 0.10278619903042419]",485.9266265839444,,,"[-3.6797405217085064, 0.24686514828650244]",-83.5173635206634
211,bbob.step_ellipsoid,2,10,20,R2_cv,-83.87,7,2,,,,"[-4.775685690245194, -2.225207189990592]",395.45141496225324,,,"[-3.6797405217085064, 0.24686514828650244]",-83.5173635206634
212,bbob.step_ellipsoid,2,10,20,R2_cv,-83.87,7,3,,,,"[3.699833715088774, 2.1264465546037385]",4815.647297304882,,,"[-3.6797405217085064, 0.24686514828650244]",-83.5173635206634
213,bbob.step_ellipsoid,2,10,20,R2_cv,-83.87,7,4,,,,"[-2.005265304565574, 3.1787715816172337]",809.6644013547709,,,"[-3.6797405217085064, 0.24686514828650244]",-83.5173635206634
214,bbob.step_ellipsoid,2,10,20,R2_cv,-83.87,7,5,,,,"[1.202930571247954, -1.4679349528437209]",732.3080634887256,,,"[-3.6797405217085064, 0.24686514828650244]",-83.5173635206634
215,bbob.step_ellipsoid,2,10,20,R2_cv,-83.87,7,6,,,,"[-1.303032426819314, -0.2784256121007731]",130.64377612208136,,,"[-3.6797405217085064, 0.24686514828650244]",-83.5173635206634
216,bbob.step_ellipsoid,2,10,20,R2_cv,-83.87,7,7,,,,"[2.7451304123458753, -4.445076305882647]",461.7756901785923,,,"[-3.6797405217085064, 0.24686514828650244]",-83.5173635206634
217,bbob.step_ellipsoid,2,10,20,R2_cv,-83.87,7,8,,,,"[0.4954517410420465, -3.5534973520744924]",5.580257909132527,,,"[-3.6797405217085064, 0.24686514828650244]",-83.5173635206634
218,bbob.step_ellipsoid,2,10,20,R2_cv,-83.87,7,9,,,,"[-3.9955002834343927, 1.207338080786247]",-76.17620417953302,,,"[-3.6797405217085064, 0.24686514828650244]",-83.5173635206634
219,bbob.step_ellipsoid,2,10,20,R2_cv,-83.87,7,10,,,,"[4.377820770558838, 4.011039852318115]",7317.555532061974,,,"[-3.6797405217085064, 0.24686514828650244]",-83.5173635206634
220,bbob.step_ellipsoid,2,10,20,R2_cv,-83.87,7,11,inf,5.535274464865229,-8.026572027283802,"[-4.993086473679514, 4.923938664544835]",198.82080436507,135.51490548005336,2.779179573059082,"[-3.6797405217085064, 0.24686514828650244]",-83.5173635206634
221,bbob.step_ellipsoid,2,10,20,R2_cv,-83.87,7,12,1.0,8.356562711871982,-7.03994556356471,"[-2.7585122076650537, -4.986278385680495]",516.0628331315495,182.09545508823362,2.9471867084503174,"[-3.6797405217085064, 0.24686514828650244]",-83.5173635206634
222,bbob.step_ellipsoid,2,10,20,R2_cv,-83.87,7,13,3.0,6.847804949953426,-0.10461325878309786,"[-5.0, 2.749995212532628]",-67.31471422069936,-30.078439596295993,3.05749773979187,"[-3.6797405217085064, 0.24686514828650244]",-83.5173635206634
223,bbob.step_ellipsoid,2,10,20,R2_cv,-83.87,7,14,2.5,7.334540373146838,0.5213690348274952,"[-1.8552038117621859, -2.532889500159915]",-79.1147505844321,-78.98126937757047,3.149496078491211,"[-3.6797405217085064, 0.24686514828650244]",-83.5173635206634
224,bbob.step_ellipsoid,2,10,20,R2_cv,-83.87,7,15,2.5,7.560790499776757,-0.7454228803665363,"[0.1971745297375441, -5.0]",-80.87736492887352,19.61288378854374,3.2228033542633057,"[-3.6797405217085064, 0.24686514828650244]",-83.5173635206634
225,bbob.step_ellipsoid,2,10,20,R2_cv,-83.87,7,16,3.0,7.338833993474633,-19.132955641664957,"[-4.9751706740532775, 0.7199776546314576]",-23.24270109126752,-8.887135407571577,3.408885955810547,"[-3.6797405217085064, 0.24686514828650244]",-83.5173635206634
226,bbob.step_ellipsoid,2,10,20,R2_cv,-83.87,7,17,3.0,7.471556969107807,-0.16485417668182095,"[-3.0883674080818477, -0.759700227142239]",-73.95594057775614,-104.41801447122396,3.7012267112731934,"[-3.6797405217085064, 0.24686514828650244]",-83.5173635206634
227,bbob.step_ellipsoid,2,10,20,R2_cv,-83.87,7,18,inf,4.92193213121257,0.39966548143227154,"[-0.5188371211654184, -4.002558139571216]",-82.15779210114026,-92.14454174237267,3.9337759017944336,"[-3.6797405217085064, 0.24686514828650244]",-83.5173635206634
228,bbob.step_ellipsoid,2,10,20,R2_cv,-83.87,7,19,inf,4.947188489385855,-8.400071583704177,"[-1.3829625711988764, -2.260235057727976]",-61.507435522716875,-101.69221650761187,4.371294975280762,"[-3.6797405217085064, 0.24686514828650244]",-83.5173635206634
229,bbob.step_ellipsoid,2,10,20,R2_cv,-83.87,7,20,2.0,8.42340907238946,-1.0667488075463978,"[-2.879777760861133, 0.5191854229331696]",-36.38121092295689,-52.656981284802896,4.780308723449707,"[-3.6797405217085064, 0.24686514828650244]",-83.5173635206634
230,bbob.step_ellipsoid,2,10,20,R2_cv,-83.87,7,21,3.0,7.182801097454884,0.2569591318221658,"[-2.281932238087692, -1.4575790667546744]",-83.11719726926079,-101.31349586439387,5.266780138015747,"[-3.6797405217085064, 0.24686514828650244]",-83.5173635206634
231,bbob.step_ellipsoid,2,10,20,R2_cv,-83.87,7,22,3.0,7.118424909809557,0.46007236589405254,"[-4.948445873667845, 1.7786566738856067]",-82.15160015053013,-81.98400572131811,5.179485082626343,"[-3.6797405217085064, 0.24686514828650244]",-83.5173635206634
232,bbob.step_ellipsoid,2,10,20,R2_cv,-83.87,7,23,3.0,7.183305422720523,-0.009719200283691175,"[0.9523724659164259, -4.9897858925985545]",-56.76910169338802,-44.388264132279915,5.616767644882202,"[-3.6797405217085064, 0.24686514828650244]",-83.5173635206634
233,bbob.step_ellipsoid,2,10,20,R2_cv,-83.87,7,24,2.5,7.992781922782649,0.6246696695065588,"[-4.312036659541033, 2.2975637024307356]",-55.09544686645483,-58.038317563460396,5.328603029251099,"[-3.6797405217085064, 0.24686514828650244]",-83.5173635206634
234,bbob.step_ellipsoid,2,10,20,R2_cv,-83.87,7,25,2.5,8.04923479826238,0.6091247613992048,"[0.24519286978485247, -4.466122625280827]",-75.05408801658493,-88.05855555947062,5.6384758949279785,"[-3.6797405217085064, 0.24686514828650244]",-83.5173635206634
235,bbob.step_ellipsoid,2,10,20,R2_cv,-83.87,7,26,2.5,8.000027679311644,0.5393626775505627,"[-1.080646366104887, -3.2715592737797583]",-82.15160015053013,-83.69730320552026,6.066544771194458,"[-3.6797405217085064, 0.24686514828650244]",-83.5173635206634
236,bbob.step_ellipsoid,2,10,20,R2_cv,-83.87,7,27,3.0,7.209575844646994,0.47148821718926454,"[-2.5646094884584376, -0.6612289157136136]",-75.70821936511275,-83.86088400204346,6.562324047088623,"[-3.6797405217085064, 0.24686514828650244]",-83.5173635206634
237,bbob.step_ellipsoid,2,10,20,R2_cv,-83.87,7,28,3.0,7.14301074765053,0.4980782269879259,"[-3.6797405217085064, 0.24686514828650244]",-83.5173635206634,-71.24636226059647,6.531071186065674,"[-3.6797405217085064, 0.24686514828650244]",-83.5173635206634
238,bbob.step_ellipsoid,2,10,20,R2_cv,-83.87,7,29,2.5,8.0032532531779,0.39461734697782425,"[-0.45810794131423105, -3.469876509993771]",-71.82515630817245,-76.98427487747779,6.168751239776611,"[-3.6797405217085064, 0.24686514828650244]",-83.5173635206634
239,bbob.step_ellipsoid,2,10,20,R2_cv,-83.87,7,30,3.0,7.079419562953912,-0.15021088052425657,"[-4.542230535868273, 1.583253961398123]",-82.48007965843247,-83.78511120118799,6.51717734336853,"[-3.6797405217085064, 0.24686514828650244]",-83.5173635206634
240,bbob.step_ellipsoid,2,10,20,R2_cv,-83.87,8,1,,,,"[-1.3269722766055607, 0.012723156662074686]",245.85132400441614,,,"[-2.7835202888064488, -0.729599074640605]",-82.8401547349822
241,bbob.step_ellipsoid,2,10,20,R2_cv,-83.87,8,2,,,,"[-4.318710838485517, -4.788548935820029]",1214.988172181309,,,"[-2.7835202888064488, -0.729599074640605]",-82.8401547349822
242,bbob.step_ellipsoid,2,10,20,R2_cv,-83.87,8,3,,,,"[-0.8698965116962158, 4.608915193460806]",1964.8241849995384,,,"[-2.7835202888064488, -0.729599074640605]",-82.8401547349822
243,bbob.step_ellipsoid,2,10,20,R2_cv,-83.87,8,4,,,,"[2.562118126877201, -3.372748903089353]",652.4138388581563,,,"[-2.7835202888064488, -0.729599074640605]",-82.8401547349822
244,bbob.step_ellipsoid,2,10,20,R2_cv,-83.87,8,5,,,,"[-3.106953596472774, -1.4789654541627169]",-36.38121092295689,,,"[-2.7835202888064488, -0.729599074640605]",-82.8401547349822
245,bbob.step_ellipsoid,2,10,20,R2_cv,-83.87,8,6,,,,"[4.758647854915317, -0.2571452485511294]",3718.0372904116084,,,"[-2.7835202888064488, -0.729599074640605]",-82.8401547349822
246,bbob.step_ellipsoid,2,10,20,R2_cv,-83.87,8,7,,,,"[3.8152684431655857, 1.80613545109569]",4297.329619759663,,,"[-2.7835202888064488, -0.729599074640605]",-82.8401547349822
247,bbob.step_ellipsoid,2,10,20,R2_cv,-83.87,8,8,,,,"[1.186172329844979, 3.577015811855773]",3061.909471507609,,,"[-2.7835202888064488, -0.729599074640605]",-82.8401547349822
248,bbob.step_ellipsoid,2,10,20,R2_cv,-83.87,8,9,,,,"[-2.255920505158226, 2.409097148234588]",445.2120940647792,,,"[-2.7835202888064488, -0.729599074640605]",-82.8401547349822
249,bbob.step_ellipsoid,2,10,20,R2_cv,-83.87,8,10,,,,"[0.3957277039415441, -2.646858027060188]",158.63919563492993,,,"[-2.7835202888064488, -0.729599074640605]",-82.8401547349822
250,bbob.step_ellipsoid,2,10,20,R2_cv,-83.87,8,11,inf,5.275105987187785,0.5153920366025787,"[-5.0, 2.118635017129338]",-82.15160015053013,-214.68769737126377,1.9173955917358398,"[-2.7835202888064488, -0.729599074640605]",-82.8401547349822
251,bbob.step_ellipsoid,2,10,20,R2_cv,-83.87,8,12,inf,5.382827494393068,-6.742641454563345,"[0.39934895916306634, -5.0]",-76.99640060212052,-223.98677670666393,2.045664072036743,"[-2.7835202888064488, -0.729599074640605]",-82.8401547349822
252,bbob.step_ellipsoid,2,10,20,R2_cv,-83.87,8,13,3.0,6.575818819400481,-137.56411880853275,"[-5.0, 5.0]",198.82080436507,546.6307688186985,2.2891652584075928,"[-2.7835202888064488, -0.729599074640605]",-82.8401547349822
253,bbob.step_ellipsoid,2,10,20,R2_cv,-83.87,8,14,2.5,6.779178505363917,-0.09406736805564933,"[-5.0, -0.08117030967659851]",50.04292105570653,40.918891850772525,2.3050084114074707,"[-2.7835202888064488, -0.729599074640605]",-82.8401547349822
254,bbob.step_ellipsoid,2,10,20,R2_cv,-83.87,8,15,2.5,7.011455129060454,-1.4902150824144813,"[-3.556283360298039, 0.5922606834662163]",-69.2606411193208,-136.6439313544936,2.2697594165802,"[-2.7835202888064488, -0.729599074640605]",-82.8401547349822
255,bbob.step_ellipsoid,2,10,20,R2_cv,-83.87,8,16,3.0,6.957981795987077,0.06435797170051867,"[-1.1795873279079077, -3.314030307132025]",-81.28753480019479,-38.033094206765554,2.8506064414978027,"[-2.7835202888064488, -0.729599074640605]",-82.8401547349822
256,bbob.step_ellipsoid,2,10,20,R2_cv,-83.87,8,17,3.0,7.107751651388868,0.2701944404365235,"[2.196689789438386, -4.99459284853801]",190.07141484671837,68.03204263156522,3.149601697921753,"[-2.7835202888064488, -0.729599074640605]",-82.8401547349822
257,bbob.step_ellipsoid,2,10,20,R2_cv,-83.87,8,18,3.0,6.967422702596183,0.1929162346576338,"[0.003697838410515493, -4.082373549208749]",-75.05408801658493,-101.55671857743505,3.127332925796509,"[-2.7835202888064488, -0.729599074640605]",-82.8401547349822
258,bbob.step_ellipsoid,2,10,20,R2_cv,-83.87,8,19,inf,4.543974243051002,0.1046056157908205,"[-1.9535118005041103, -1.8136036996072475]",-80.85878907704311,-76.48776673390068,3.721082925796509,"[-2.7835202888064488, -0.729599074640605]",-82.8401547349822
259,bbob.step_ellipsoid,2,10,20,R2_cv,-83.87,8,20,inf,4.5391175303548055,0.16590483618726523,"[-0.16227094400007314, -5.0]",-71.91835222717575,-79.54435722749054,4.118906021118164,"[-2.7835202888064488, -0.729599074640605]",-82.8401547349822
260,bbob.step_ellipsoid,2,10,20,R2_cv,-83.87,8,21,3.0,7.272984090476672,0.18905183676698667,"[-5.0, 3.0878149167544544]",-46.08292105570653,-44.719084312707196,4.782516002655029,"[-2.7835202888064488, -0.729599074640605]",-82.8401547349822
261,bbob.step_ellipsoid,2,10,20,R2_cv,-83.87,8,22,inf,4.569427120512932,0.35496878367086315,"[-4.497780283336086, 1.5294927414130228]",-81.97837413369925,-79.18161897058724,4.795751094818115,"[-2.7835202888064488, -0.729599074640605]",-82.8401547349822
262,bbob.step_ellipsoid,2,10,20,R2_cv,-83.87,8,23,inf,4.569629025579727,0.6574907947259134,"[-0.9371152969747569, -3.276159965277869]",-82.15160015053013,-85.57192243327142,4.8124847412109375,"[-2.7835202888064488, -0.729599074640605]",-82.8401547349822
263,bbob.step_ellipsoid,2,10,20,R2_cv,-83.87,8,24,3.0,7.494077768648491,0.6583747636473156,"[-2.7835202888064488, -0.729599074640605]",-82.8401547349822,-74.23456976305113,5.7261962890625,"[-2.7835202888064488, -0.729599074640605]",-82.8401547349822
264,bbob.step_ellipsoid,2,10,20,R2_cv,-83.87,8,25,3.0,7.495377690234449,0.6101372905949916,"[-1.5275326918660135, -2.5909150659316538]",-82.15160015053013,-82.55369341156461,5.996767520904541,"[-2.7835202888064488, -0.729599074640605]",-82.8401547349822
265,bbob.step_ellipsoid,2,10,20,R2_cv,-83.87,8,26,3.0,7.563575686859679,0.621017869763318,"[-4.927189820169491, 1.3989803421752791]",-67.3096054768831,-75.75713760856377,6.029014825820923,"[-2.7835202888064488, -0.729599074640605]",-82.8401547349822
266,bbob.step_ellipsoid,2,10,20,R2_cv,-83.87,8,27,2.5,7.9981002652960465,0.8565937198651892,"[-3.537137462167363, -0.23290010728945298]",-78.27935888067923,-73.1311022314004,6.202523469924927,"[-2.7835202888064488, -0.729599074640605]",-82.8401547349822
267,bbob.step_ellipsoid,2,10,20,R2_cv,-83.87,8,28,2.5,8.051626639767104,0.7536891556000315,"[-0.6220645167028351, -4.05376174488826]",-82.15779210114026,-82.452841901797,6.352835655212402,"[-2.7835202888064488, -0.729599074640605]",-82.8401547349822
268,bbob.step_ellipsoid,2,10,20,R2_cv,-83.87,8,29,2.0,8.67469320861372,0.7943003579767103,"[-4.416111459419393, 2.3224839023552506]",-55.09544686645483,-60.52338218458283,6.408365249633789,"[-2.7835202888064488, -0.729599074640605]",-82.8401547349822
269,bbob.step_ellipsoid,2,10,20,R2_cv,-83.87,8,30,3.0,7.485146133505562,0.9060467568702159,"[-0.05013700804228855, -4.558561055377232]",-80.87736492887352,-85.69578190929428,7.517097473144531,"[-2.7835202888064488, -0.729599074640605]",-82.8401547349822
270,bbob.step_ellipsoid,2,10,20,R2_cv,-83.87,9,1,,,,"[0.12975079602991535, 0.7131827909124446]",1011.4299049399157,,,"[-2.496990452802295, -1.4120891965526063]",-83.22669043856156
271,bbob.step_ellipsoid,2,10,20,R2_cv,-83.87,9,2,,,,"[-3.603148150051562, -4.7775340829201784]",809.6644013547709,,,"[-2.496990452802295, -1.4120891965526063]",-83.22669043856156
272,bbob.step_ellipsoid,2,10,20,R2_cv,-83.87,9,3,,,,"[-4.716074629603566, -1.9153801204905072]",385.8466663049247,,,"[-2.496990452802295, -1.4120891965526063]",-83.22669043856156
273,bbob.step_ellipsoid,2,10,20,R2_cv,-83.87,9,4,,,,"[-2.8603936491828845, 4.081762370951237]",675.9506252326898,,,"[-2.496990452802295, -1.4120891965526063]",-83.22669043856156
274,bbob.step_ellipsoid,2,10,20,R2_cv,-83.87,9,5,,,,"[3.973412265532403, -0.43724800012950915]",2997.5769263721177,,,"[-2.496990452802295, -1.4120891965526063]",-83.22669043856156
275,bbob.step_ellipsoid,2,10,20,R2_cv,-83.87,9,6,,,,"[4.515055673022712, 3.9348458026298925]",7304.9486264829175,,,"[-2.496990452802295, -1.4120891965526063]",-83.22669043856156
276,bbob.step_ellipsoid,2,10,20,R2_cv,-83.87,9,7,,,,"[-1.005626050679393, -2.8306214369712572]",-67.3096054768831,,,"[-2.496990452802295, -1.4120891965526063]",-83.22669043856156
277,bbob.step_ellipsoid,2,10,20,R2_cv,-83.87,9,8,,,,"[1.0166977557138246, 1.2153901473273194]",1707.153611189995,,,"[-2.496990452802295, -1.4120891965526063]",-83.22669043856156
278,bbob.step_ellipsoid,2,10,20,R2_cv,-83.87,9,9,,,,"[2.6843965100217275, -3.705333704589454]",614.3966552271868,,,"[-2.496990452802295, -1.4120891965526063]",-83.22669043856156
279,bbob.step_ellipsoid,2,10,20,R2_cv,-83.87,9,10,,,,"[-0.2991810731982465, 2.2592515171242518]",1332.6490392824535,,,"[-2.496990452802295, -1.4120891965526063]",-83.22669043856156
280,bbob.step_ellipsoid,2,10,20,R2_cv,-83.87,9,11,3.0,5.470843040128311,-3.2541576491673334,"[-5.0, 2.0062732240872148]",-82.15160015053013,265.96326973471446,2.0061659812927246,"[-2.496990452802295, -1.4120891965526063]",-83.22669043856156
281,bbob.step_ellipsoid,2,10,20,R2_cv,-83.87,9,12,3.0,5.736913358111023,0.4805888590491477,"[0.22005766107465094, -5.0]",-80.87736492887352,55.29857667442707,2.214268684387207,"[-2.496990452802295, -1.4120891965526063]",-83.22669043856156
282,bbob.step_ellipsoid,2,10,20,R2_cv,-83.87,9,13,2.5,6.259139890887824,-37512.0998201511,"[-5.0, 5.0]",198.82080436507,361.56264678287243,2.1629652976989746,"[-2.496990452802295, -1.4120891965526063]",-83.22669043856156
283,bbob.step_ellipsoid,2,10,20,R2_cv,-83.87,9,14,inf,4.370040737682557,0.2452920523380186,"[0.31899895150988944, -3.5364892928279286]",5.580257909132527,-116.17603642974677,2.50480318069458,"[-2.496990452802295, -1.4120891965526063]",-83.22669043856156
284,bbob.step_ellipsoid,2,10,20,R2_cv,-83.87,9,15,inf,4.254131236019623,-0.1038557421754297,"[5.0, -5.0]",1305.7649432540534,804.3607683474719,2.757681369781494,"[-2.496990452802295, -1.4120891965526063]",-83.22669043856156
285,bbob.step_ellipsoid,2,10,20,R2_cv,-83.87,9,16,inf,4.175479781692499,0.20686271343294022,"[-3.6591775476091075, 0.12231584187388496]",-78.27935888067923,48.17071191474042,2.7876672744750977,"[-2.496990452802295, -1.4120891965526063]",-83.22669043856156
286,bbob.step_ellipsoid,2,10,20,R2_cv,-83.87,9,17,inf,4.228756685741231,-0.11612596277419411,"[-4.965766095958193, 0.7638506838641321]",-23.24270109126752,-70.08205066179039,2.8366456031799316,"[-2.496990452802295, -1.4120891965526063]",-83.22669043856156
287,bbob.step_ellipsoid,2,10,20,R2_cv,-83.87,9,18,inf,4.269711877574326,0.1348834090085541,"[-0.8790790062755744, -4.239464159004963]",-64.84900233772836,-75.80812260305902,3.0305542945861816,"[-2.496990452802295, -1.4120891965526063]",-83.22669043856156
288,bbob.step_ellipsoid,2,10,20,R2_cv,-83.87,9,19,2.5,6.992194697465841,-1.3008801701879353,"[-2.496990452802295, -1.4120891965526063]",-83.22669043856156,-46.700975083060825,3.1874759197235107,"[-2.496990452802295, -1.4120891965526063]",-83.22669043856156
289,bbob.step_ellipsoid,2,10,20,R2_cv,-83.87,9,20,3.0,6.764194399232232,-0.0003940986467093621,"[-3.9894014636907182, 1.5510314620552454]",-62.82135355432625,-52.573509858096486,3.775994062423706,"[-2.496990452802295, -1.4120891965526063]",-83.22669043856156
290,bbob.step_ellipsoid,2,10,20,R2_cv,-83.87,9,21,3.0,6.880440856463489,0.01250347192136736,"[-5.0, 3.2195573168068314]",-46.08292105570653,-34.301524074436884,3.6514923572540283,"[-2.496990452802295, -1.4120891965526063]",-83.22669043856156
291,bbob.step_ellipsoid,2,10,20,R2_cv,-83.87,9,22,inf,4.306763176769438,0.7294446200425794,"[1.0094100407065698, -5.0]",-56.76910169338802,-52.69092723825281,4.4738688468933105,"[-2.496990452802295, -1.4120891965526063]",-83.22669043856156
292,bbob.step_ellipsoid,2,10,20,R2_cv,-83.87,9,23,inf,4.349982562463899,0.5763634461895352,"[-2.0997190084374697, -2.444893765923608]",-62.82135355432625,-85.1530423131004,4.603879928588867,"[-2.496990452802295, -1.4120891965526063]",-83.22669043856156
293,bbob.step_ellipsoid,2,10,20,R2_cv,-83.87,9,24,inf,4.001623689581884,-0.4240269299668952,"[-0.034892236405398076, -4.366777855658602]",-75.05408801658493,-95.06150344547689,4.656548261642456,"[-2.496990452802295, -1.4120891965526063]",-83.22669043856156
294,bbob.step_ellipsoid,2,10,20,R2_cv,-83.87,9,25,3.0,7.033294781935023,-0.7208412911851103,"[-2.8339356884058913, -0.20579868279822428]",-73.48570540284507,-63.45142016054797,5.231244802474976,"[-2.496990452802295, -1.4120891965526063]",-83.22669043856156
295,bbob.step_ellipsoid,2,10,20,R2_cv,-83.87,9,26,3.0,7.0775112824043935,0.27874535317369736,"[-3.103252891272274, -0.7782795825345286]",-73.95594057775614,-82.59602807530382,5.445714712142944,"[-2.496990452802295, -1.4120891965526063]",-83.22669043856156
296,bbob.step_ellipsoid,2,10,20,R2_cv,-83.87,9,27,3.0,7.062248008172983,-0.26598046419426885,"[-1.8326888802487842, -1.8502704250007362]",-80.85878907704311,-76.02754678225972,5.808481216430664,"[-2.496990452802295, -1.4120891965526063]",-83.22669043856156
297,bbob.step_ellipsoid,2,10,20,R2_cv,-83.87,9,28,2.5,7.664724147001057,0.11559128559164344,"[-0.7803537947748825, -3.622406973877136]",-82.15779210114026,-81.743594052003,5.80438494682312,"[-2.496990452802295, -1.4120891965526063]",-83.22669043856156
298,bbob.step_ellipsoid,2,10,20,R2_cv,-83.87,9,29,2.0,8.304693101849823,-0.12163421073428408,"[-3.331605307855921, 0.7912545492916712]",-69.2606411193208,-60.057544988085965,6.444813251495361,"[-2.496990452802295, -1.4120891965526063]",-83.22669043856156
299,bbob.step_ellipsoid,2,10,20,R2_cv,-83.87,9,30,1.5,8.986289266931019,-0.12087152882197547,"[-4.3028382299419095, 2.5354957537550726]",-13.197298908732506,-23.250101709779756,5.810808181762695,"[-2.496990452802295, -1.4120891965526063]",-83.22669043856156
